{
    "frozen_0": {
        "train": {
            "loss": 1.0435105959574382
        },
        "val": {
            "map": 0.09688661247491837,
            "map_50": 0.1908760666847229,
            "map_75": 0.07681117951869965,
            "map_small": 0.061044834554195404,
            "map_medium": 0.11484833061695099,
            "map_large": 0.1445058286190033,
            "mar_1": 0.17618370056152344,
            "mar_10": 0.2593986690044403,
            "mar_100": 0.27653878927230835,
            "mar_small": 0.23473548889160156,
            "mar_medium": 0.2520579397678375,
            "mar_large": 0.3185897171497345,
            "map_per_class": [
                0.02601940743625164,
                0.0014770327834412456,
                0.35979777574539185,
                0.0002522085851524025
            ],
            "mar_100_per_class": [
                0.3333333432674408,
                0.17499999701976776,
                0.5696970224380493,
                0.02812499925494194
            ]
        }
    },
    "frozen_1": {
        "train": {
            "loss": 0.9287483314673106
        },
        "val": {
            "map": 0.10326950997114182,
            "map_50": 0.21087828278541565,
            "map_75": 0.08972195535898209,
            "map_small": 0.1028747707605362,
            "map_medium": 0.12007729709148407,
            "map_large": 0.14601895213127136,
            "mar_1": 0.12739108502864838,
            "mar_10": 0.2551373243331909,
            "mar_100": 0.2622632384300232,
            "mar_small": 0.17869047820568085,
            "mar_medium": 0.3788520395755768,
            "mar_large": 0.40101009607315063,
            "map_per_class": [
                0.03618637099862099,
                0.0005877300282008946,
                0.3759506940841675,
                0.00035325612407177687
            ],
            "mar_100_per_class": [
                0.3083333373069763,
                0.125,
                0.596969723701477,
                0.01875000074505806
            ]
        }
    },
    "frozen_2": {
        "train": {
            "loss": 0.8495337168375651
        },
        "val": {
            "map": 0.09859617799520493,
            "map_50": 0.20622621476650238,
            "map_75": 0.06955426931381226,
            "map_small": 0.07236841320991516,
            "map_medium": 0.11586945503950119,
            "map_large": 0.2027098387479782,
            "mar_1": 0.12028882652521133,
            "mar_10": 0.255018949508667,
            "mar_100": 0.27180397510528564,
            "mar_small": 0.18333333730697632,
            "mar_medium": 0.29328006505966187,
            "mar_large": 0.4115079641342163,
            "map_per_class": [
                0.030238410457968712,
                0.00041795161087065935,
                0.36334729194641113,
                0.0003810396883636713
            ],
            "mar_100_per_class": [
                0.3166666626930237,
                0.15000000596046448,
                0.5924242734909058,
                0.02812499925494194
            ]
        }
    },
    "frozen_3": {
        "train": {
            "loss": 0.8416106422742208
        },
        "val": {
            "map": 0.10014312714338303,
            "map_50": 0.20157217979431152,
            "map_75": 0.08853290230035782,
            "map_small": 0.08734610676765442,
            "map_medium": 0.11166711896657944,
            "map_large": 0.1932486891746521,
            "mar_1": 0.12966382503509521,
            "mar_10": 0.22234849631786346,
            "mar_100": 0.24185605347156525,
            "mar_small": 0.173611119389534,
            "mar_medium": 0.28660985827445984,
            "mar_large": 0.39666667580604553,
            "map_per_class": [
                0.023942856118083,
                0.0,
                0.3752216100692749,
                0.0014080319087952375
            ],
            "mar_100_per_class": [
                0.2958333492279053,
                0.0,
                0.5840908885002136,
                0.08749999850988388
            ]
        }
    },
    "frozen_4": {
        "train": {
            "loss": 0.8356575469175974
        },
        "val": {
            "map": 0.10119004547595978,
            "map_50": 0.21319253742694855,
            "map_75": 0.0865517407655716,
            "map_small": 0.06095864623785019,
            "map_medium": 0.12345319241285324,
            "map_large": 0.17830723524093628,
            "mar_1": 0.13082386553287506,
            "mar_10": 0.2738162875175476,
            "mar_100": 0.2779829502105713,
            "mar_small": 0.1884722262620926,
            "mar_medium": 0.3893872797489166,
            "mar_large": 0.33030304312705994,
            "map_per_class": [
                0.02489502541720867,
                0.0016258639516308904,
                0.37767326831817627,
                0.0005660154274664819
            ],
            "mar_100_per_class": [
                0.27916669845581055,
                0.22499999403953552,
                0.5765151977539062,
                0.03125
            ]
        }
    },
    "frozen_5": {
        "train": {
            "loss": 0.8637209753195445
        },
        "val": {
            "map": 0.09863943606615067,
            "map_50": 0.21979859471321106,
            "map_75": 0.06540440022945404,
            "map_small": 0.08026443421840668,
            "map_medium": 0.14889173209667206,
            "map_large": 0.18087603151798248,
            "mar_1": 0.16455964744091034,
            "mar_10": 0.29978692531585693,
            "mar_100": 0.3134233057498932,
            "mar_small": 0.24480769038200378,
            "mar_medium": 0.34838759899139404,
            "mar_large": 0.42976194620132446,
            "map_per_class": [
                0.03857877478003502,
                0.0013135663466528058,
                0.3539961576461792,
                0.0006691831513307989
            ],
            "mar_100_per_class": [
                0.3499999940395355,
                0.30000001192092896,
                0.5568181872367859,
                0.046875
            ]
        }
    },
    "frozen_6": {
        "train": {
            "loss": 0.8688803990681966
        },
        "val": {
            "map": 0.09734267741441727,
            "map_50": 0.19635024666786194,
            "map_75": 0.09038728475570679,
            "map_small": 0.058180395513772964,
            "map_medium": 0.11585181206464767,
            "map_large": 0.12957867980003357,
            "mar_1": 0.11893939971923828,
            "mar_10": 0.24843749403953552,
            "mar_100": 0.25430870056152344,
            "mar_small": 0.1681106835603714,
            "mar_medium": 0.38331323862075806,
            "mar_large": 0.38611114025115967,
            "map_per_class": [
                0.01979665271937847,
                0.00039502669824287295,
                0.36871063709259033,
                0.0004683845618274063
            ],
            "mar_100_per_class": [
                0.25,
                0.15000000596046448,
                0.5734848976135254,
                0.04374999925494194
            ]
        }
    },
    "frozen_7": {
        "train": {
            "loss": 0.8760594546794891
        },
        "val": {
            "map": 0.10261331498622894,
            "map_50": 0.21094076335430145,
            "map_75": 0.08286909759044647,
            "map_small": 0.05696598440408707,
            "map_medium": 0.13057878613471985,
            "map_large": 0.12642823159694672,
            "mar_1": 0.154190331697464,
            "mar_10": 0.27154356241226196,
            "mar_100": 0.29266098141670227,
            "mar_small": 0.17930099368095398,
            "mar_medium": 0.3878472149372101,
            "mar_large": 0.3333333432674408,