{
    "frozen_0": {
        "train": {
            "loss": 0.9874498556057613
        },
        "val": {
            "map": 0.24756430089473724,
            "map_50": 0.4659973084926605,
            "map_75": 0.2338230162858963,
            "map_small": 0.2021266669034958,
            "map_medium": 0.34497350454330444,
            "map_large": 0.4086798131465912,
            "mar_1": 0.2620738446712494,
            "mar_10": 0.5103693008422852,
            "mar_100": 0.5103693008422852,
            "mar_small": 0.3858356475830078,
            "mar_medium": 0.6531896591186523,
            "mar_large": 0.5411111116409302,
            "map_per_class": [
                0.2078050673007965,
                0.07354705035686493,
                0.5510945916175842,
                0.1578105390071869
            ],
            "mar_100_per_class": [
                0.42500004172325134,
                0.6000000238418579,
                0.6477271914482117,
                0.3687500059604645
            ]
        }
    },
    "frozen_1": {
        "train": {
            "loss": 0.5214051445325215
        },
        "val": {
            "map": 0.3602188527584076,
            "map_50": 0.5699281096458435,
            "map_75": 0.3895094096660614,
            "map_small": 0.3307362496852875,
            "map_medium": 0.34589648246765137,
            "map_large": 0.6026451587677002,
            "mar_1": 0.46015626192092896,
            "mar_10": 0.5655065774917603,
            "mar_100": 0.5655065774917603,
            "mar_small": 0.4457264840602875,
            "mar_medium": 0.6420431137084961,
            "mar_large": 0.7326796650886536,
            "map_per_class": [
                0.24312278628349304,
                0.26497238874435425,
                0.6596568822860718,
                0.27312326431274414
            ],
            "mar_100_per_class": [
                0.44583338499069214,
                0.6499999761581421,
                0.7318181991577148,
                0.43437498807907104
            ]
        }
    },
    "frozen_2": {
        "train": {
            "loss": 0.44858616491158804
        },
        "val": {
            "map": 0.40174493193626404,
            "map_50": 0.6569207310676575,
            "map_75": 0.4195585250854492,
            "map_small": 0.34016337990760803,
            "map_medium": 0.5435958504676819,
            "map_large": 0.7189493179321289,
            "mar_1": 0.46406251192092896,
            "mar_10": 0.5730350613594055,
            "mar_100": 0.5730350613594055,
            "mar_small": 0.47644829750061035,
            "mar_medium": 0.6829545497894287,
            "mar_large": 0.753333330154419,
            "map_per_class": [
                0.32451215386390686,
                0.271073579788208,
                0.6950032711029053,
                0.3163908123970032
            ],
            "mar_100_per_class": [
                0.4375,
                0.6000000238418579,
                0.7515151500701904,
                0.503125011920929
            ]
        }
    },
    "frozen_3": {
        "train": {
            "loss": 0.3577396045128504
        },
        "val": {
            "map": 0.45683568716049194,
            "map_50": 0.6970391869544983,
            "map_75": 0.5319313406944275,
            "map_small": 0.42087307572364807,
            "map_medium": 0.546693742275238,
            "map_large": 0.6267533898353577,
            "mar_1": 0.5007575750350952,
            "mar_10": 0.5981770753860474,
            "mar_100": 0.5981770753860474,
            "mar_small": 0.49218472838401794,
            "mar_medium": 0.6861756443977356,
            "mar_large": 0.7518518567085266,
            "map_per_class": [
                0.33189958333969116,
                0.41868218779563904,
                0.6620739102363586,
                0.41468706727027893
            ],
            "mar_100_per_class": [
                0.4541666507720947,
                0.699999988079071,
                0.7416666746139526,
                0.49687498807907104
            ]
        }
    },
    "frozen_4": {
        "train": {
            "loss": 0.3573604807257652
        },
        "val": {
            "map": 0.4537580609321594,
            "map_50": 0.7002661824226379,
            "map_75": 0.5231873989105225,
            "map_small": 0.32882818579673767,
            "map_medium": 0.6075521111488342,
            "map_large": 0.8010854721069336,
            "mar_1": 0.46432289481163025,
            "mar_10": 0.5796638131141663,
            "mar_100": 0.5796638131141663,
            "mar_small": 0.4371253550052643,
            "mar_medium": 0.7440539598464966,
            "mar_large": 0.8044871687889099,
            "map_per_class": [
                0.3051317632198334,
                0.36958980560302734,
                0.7387014031410217,
                0.4016094505786896
            ],
            "mar_100_per_class": [
                0.49166664481163025,
                0.5249999761581421,
                0.7863636612892151,
                0.515625
            ]
        }
    },
    "frozen_5": {
        "train": {
            "loss": 0.3650814712047577
        },
        "val": {
            "map": 0.4173900783061981,
            "map_50": 0.6649168133735657,
            "map_75": 0.4499136209487915,
            "map_small": 0.31968167424201965,
            "map_medium": 0.5872581601142883,
            "map_large": 0.6452094316482544,
            "mar_1": 0.44720643758773804,
            "mar_10": 0.5335227251052856,
            "mar_100": 0.5335227251052856,
            "mar_small": 0.41608619689941406,
            "mar_medium": 0.6267897486686707,
            "mar_large": 0.7370370626449585,
            "map_per_class": [
                0.3445146977901459,
                0.19422443211078644,
                0.7225877046585083,
                0.4082333445549011
            ],
            "mar_100_per_class": [
                0.40833330154418945,
                0.44999998807907104,
                0.7757575511932373,
                0.5
            ]
        }
    },
    "frozen_6": {
        "train": {
            "loss": 0.3555928573012352
        },
        "val": {
            "map": 0.4497193396091461,
            "map_50": 0.6870309114456177,
            "map_75": 0.5456076860427856,
            "map_small": 0.30884239077568054,
            "map_medium": 0.5542300343513489,
            "map_large": 0.6793325543403625,
            "mar_1": 0.4758048951625824,
            "mar_10": 0.5849431753158569,
            "mar_100": 0.5849431753158569,
            "mar_small": 0.42772555351257324,
            "mar_medium": 0.6908823251724243,
            "mar_large": 0.8712962865829468,
            "map_per_class": [
                0.27792733907699585,
                0.2375933825969696,
                0.7574486136436462,
                0.5259081125259399
            ],
            "mar_100_per_class": [
                0.44999995827674866,
                0.44999998807907104,
                0.8022726774215698,
                0.637499988079071
            ]
        }
    },
    "frozen_7": {
        "train": {
            "loss": 0.3361621841788292
        },
        "val": {
            "map": 0.4363206624984741,
            "map_50": 0.6894026398658752,
            "map_75": 0.4420451819896698,
            "map_small": 0.30135220289230347,
            "map_medium": 0.6416372656822205,
            "map_large": 0.7858337163925171,
            "mar_1": 0.4258759617805481,
            "mar_10": 0.5167139768600464,
            "mar_100": 0.5167139768600464,
            "mar_small": 0.36711499094963074,
            "mar_medium": 0.7199336886405945,
            "mar_large": 0.8500000238418579,
            "map_per_class": [
                0.3542732000350952,
                0.245184525847435,
                0.7204199433326721,
                0.4254049062728882
            ],