{
    "frozen_0": {
        "train": {
            "loss": 0.9225253691275914
        },
        "val": {
            "map": 0.1618078649044037,
            "map_50": 0.294666051864624,
            "map_75": 0.16673597693443298,
            "map_small": 0.15572743117809296,
            "map_medium": 0.1661974936723709,
            "map_large": 0.37664201855659485,
            "mar_1": 0.2086174190044403,
            "mar_10": 0.38584280014038086,
            "mar_100": 0.3870738744735718,
            "mar_small": 0.2923611104488373,
            "mar_medium": 0.5392886400222778,
            "mar_large": 0.5214285850524902,
            "map_per_class": [
                0.11338099837303162,
                0.0017063409322872758,
                0.5199215412139893,
                0.012222694233059883
            ],
            "mar_100_per_class": [
                0.375,
                0.2750000059604645,
                0.6545454859733582,
                0.24375000596046448
            ]
        }
    },
    "frozen_1": {
        "train": {
            "loss": 0.6554339895645778
        },
        "val": {
            "map": 0.25289037823677063,
            "map_50": 0.4357117712497711,
            "map_75": 0.2478659600019455,
            "map_small": 0.20998471975326538,
            "map_medium": 0.2823345959186554,
            "map_large": 0.38224971294403076,
            "mar_1": 0.2972774803638458,
            "mar_10": 0.42954546213150024,
            "mar_100": 0.4316287934780121,
            "mar_small": 0.26568180322647095,
            "mar_medium": 0.5895757079124451,
            "mar_large": 0.5555555820465088,
            "map_per_class": [
                0.20963536202907562,
                0.00789919588714838,
                0.6481439471244812,
                0.14588309824466705
            ],
            "mar_100_per_class": [
                0.38749998807907104,
                0.2750000059604645,
                0.7265151739120483,
                0.3375000059604645
            ]
        }
    },
    "frozen_2": {
        "train": {
            "loss": 0.5899929116169612
        },
        "val": {
            "map": 0.3909647464752197,
            "map_50": 0.6218888759613037,
            "map_75": 0.44365137815475464,
            "map_small": 0.34888583421707153,
            "map_medium": 0.42276686429977417,
            "map_large": 0.6637968420982361,
            "mar_1": 0.45189395546913147,
            "mar_10": 0.5348011255264282,
            "mar_100": 0.535842776298523,
            "mar_small": 0.4287421703338623,
            "mar_medium": 0.6225513219833374,
            "mar_large": 0.7226191163063049,
            "map_per_class": [
                0.24908818304538727,
                0.3256988823413849,
                0.661979615688324,
                0.32709240913391113
            ],
            "mar_100_per_class": [
                0.3916666507720947,
                0.625,
                0.7454545497894287,
                0.3812499940395355
            ]
        }
    },
    "frozen_3": {
        "train": {
            "loss": 0.5348211507002513
        },
        "val": {
            "map": 0.303443968296051,
            "map_50": 0.5489109754562378,
            "map_75": 0.30911001563072205,
            "map_small": 0.25300171971321106,
            "map_medium": 0.39195603132247925,
            "map_large": 0.49735188484191895,
            "mar_1": 0.39076703786849976,
            "mar_10": 0.5216856002807617,
            "mar_100": 0.5216856002807617,
            "mar_small": 0.4298310875892639,
            "mar_medium": 0.6113888621330261,
            "mar_large": 0.7044445276260376,
            "map_per_class": [
                0.28707173466682434,
                0.04522789642214775,
                0.5491383671760559,
                0.33233779668807983
            ],
            "mar_100_per_class": [
                0.44166669249534607,
                0.550000011920929,
                0.6575757265090942,
                0.4375
            ]
        }
    },
    "frozen_4": {
        "train": {
            "loss": 0.46574298441410067
        },
        "val": {
            "map": 0.3990013897418976,
            "map_50": 0.6131554245948792,
            "map_75": 0.4682588577270508,
            "map_small": 0.28762686252593994,
            "map_medium": 0.578452467918396,
            "map_large": 0.6788307428359985,
            "mar_1": 0.41588544845581055,
            "mar_10": 0.5125236511230469,
            "mar_100": 0.5156486630439758,
            "mar_small": 0.3746502697467804,
            "mar_medium": 0.6995481252670288,
            "mar_large": 0.769444465637207,
            "map_per_class": [
                0.35933443903923035,
                0.21944193542003632,
                0.626111626625061,
                0.3911174535751343
            ],
            "mar_100_per_class": [
                0.4958333373069763,
                0.3499999940395355,
                0.7136363387107849,
                0.503125011920929
            ]
        }
    },
    "frozen_5": {
        "train": {
            "loss": 0.4414181570212046
        },
        "val": {
            "map": 0.4163814187049866,
            "map_50": 0.6262734532356262,
            "map_75": 0.49940070509910583,
            "map_small": 0.31932970881462097,
            "map_medium": 0.6033952236175537,
            "map_large": 0.6356813311576843,
            "mar_1": 0.4566761553287506,
            "mar_10": 0.5891335606575012,
            "mar_100": 0.5891335606575012,
            "mar_small": 0.47699064016342163,
            "mar_medium": 0.7063788771629333,
            "mar_large": 0.7194444537162781,
            "map_per_class": [
                0.37148967385292053,
                0.24554450809955597,
                0.6980042457580566,
                0.3504871726036072
            ],
            "mar_100_per_class": [
                0.4750000536441803,
                0.6499999761581421,
                0.7659090757369995,
                0.46562498807907104
            ]
        }
    },
    "frozen_6": {
        "train": {
            "loss": 0.43260035912195843
        },
        "val": {
            "map": 0.3979662358760834,
            "map_50": 0.6088617444038391,
            "map_75": 0.4616817831993103,
            "map_small": 0.3362107574939728,
            "map_medium": 0.5057010054588318,
            "map_large": 0.7118995785713196,
            "mar_1": 0.4082860052585602,
            "mar_10": 0.49883994460105896,
            "mar_100": 0.49883994460105896,
            "mar_small": 0.4129485487937927,
            "mar_medium": 0.6532900333404541,
            "mar_large": 0.746666669845581,
            "map_per_class": [
                0.3055504858493805,
                0.21510818600654602,
                0.7132847905158997,
                0.3579215109348297
            ],
            "mar_100_per_class": [
                0.4333333373069763,
                0.32499998807907104,
                0.7651515007019043,
                0.47187501192092896
            ]
        }
    },
    "frozen_7": {
        "train": {
            "loss": 0.4163581987222036
        },
        "val": {
            "map": 0.37769532203674316,
            "map_50": 0.6265464425086975,
            "map_75": 0.3976909816265106,
            "map_small": 0.33771374821662903,
            "map_medium": 0.45024386048316956,
            "map_large": 0.5434394478797913,
            "mar_1": 0.36936554312705994,
            "mar_10": 0.44999998807907104,
            "mar_100": 0.4541667103767395,
            "mar_small": 0.3824999928474426,
            "mar_medium": 0.6068841218948364,
            "mar_large": 0.7333333492279053,
            "map_per_class": [
                0.31781327724456787,
                0.2316831648349762,
                0.5499207377433777,
                0.4113641381263733
            ],