{"frozen_0": {"train": {"loss": 0.9460110356410344}, "val": {"map": 0.15160278975963593, "map_50": 0.3169351816177368, "map_75": 0.12831392884254456, "map_small": 0.11344946175813675, "map_medium": 0.1822260618209839, "map_large": 0.28308650851249695, "mar_1": 0.2296401560306549, "mar_10": 0.31619319319725037, "mar_100": 0.3193182051181793, "mar_small": 0.18310138583183289, "mar_medium": 0.5158278942108154, "mar_large": 0.5441666841506958, "map_per_class": [0.1391962617635727, 0.01801980286836624, 0.4409250319004059, 0.008269994519650936], "mar_100_per_class": [0.36666667461395264, 0.17499999701976776, 0.5606061220169067, 0.17499999701976776]}}, "frozen_1": {"train": {"loss": 0.6411092728376389}, "val": {"map": 0.24792803823947906, "map_50": 0.4636651277542114, "map_75": 0.24622635543346405, "map_small": 0.17826473712921143, "map_medium": 0.2808808386325836, "map_large": 0.4565160870552063, "mar_1": 0.3362925946712494, "mar_10": 0.47616004943847656, "mar_100": 0.47616004943847656, "mar_small": 0.3852156400680542, "mar_medium": 0.5356116890907288, "mar_large": 0.5974999666213989, "map_per_class": [0.21293096244335175, 0.10214796662330627, 0.5269308686256409, 0.14970238506793976], "mar_100_per_class": [0.4249999523162842, 0.550000011920929, 0.6265151500701904, 0.3031249940395355]}}, "frozen_2": {"train": {"loss": 0.5829482287168503}, "val": {"map": 0.2997603714466095, "map_50": 0.5317687392234802, "map_75": 0.2941836416721344, "map_small": 0.23632334172725677, "map_medium": 0.48405733704566956, "map_large": 0.4647807478904724, "mar_1": 0.37272727489471436, "mar_10": 0.46498578786849976, "mar_100": 0.46498578786849976, "mar_small": 0.32604169845581055, "mar_medium": 0.6417548656463623, "mar_large": 0.539393961429596, "map_per_class": [0.18386170268058777, 0.20870086550712585, 0.5732035636901855, 0.23327520489692688], "mar_100_per_class": [0.3916666805744171, 0.44999998807907104, 0.6651515364646912, 0.3531250059604645]}}, "frozen_3": {"train": {"loss": 0.5161636183659236}, "val": {"map": 0.32284969091415405, "map_50": 0.5636230111122131, "map_75": 0.3560967445373535, "map_small": 0.2546631693840027, "map_medium": 0.45362114906311035, "map_large": 0.6079617142677307, "mar_1": 0.4124999940395355, "mar_10": 0.5197206735610962, "mar_100": 0.5197206735610962, "mar_small": 0.39870917797088623, "mar_medium": 0.6454685926437378, "mar_large": 0.7505050897598267, "map_per_class": [0.19093763828277588, 0.2165016531944275, 0.6220630407333374, 0.26189643144607544], "mar_100_per_class": [0.4375, 0.5249999761581421, 0.7007575035095215, 0.4156250059604645]}}, "frozen_4": {"train": {"loss": 0.4635099073251088}, "val": {"map": 0.2974279522895813, "map_50": 0.5035052299499512, "map_75": 0.31635770201683044, "map_small": 0.18575811386108398, "map_medium": 0.4016769826412201, "map_large": 0.4240384101867676, "mar_1": 0.33420926332473755, "mar_10": 0.4351562559604645, "mar_100": 0.4361979067325592, "mar_small": 0.25361114740371704, "mar_medium": 0.6776760220527649, "mar_large": 0.6037037372589111, "map_per_class": [0.18563847243785858, 0.05792079120874405, 0.6750220060348511, 0.2711305320262909], "mar_100_per_class": [0.36250001192092896, 0.22499999403953552, 0.7416666746139526, 0.4156250059604645]}}, "frozen_5": {"train": {"loss": 0.45242592295010886}, "val": {"map": 0.36900806427001953, "map_50": 0.6203240752220154, "map_75": 0.4026934504508972, "map_small": 0.2634596526622772, "map_medium": 0.5633333921432495, "map_large": 0.5932783484458923, "mar_1": 0.3636363446712494, "mar_10": 0.4524148106575012, "mar_100": 0.4524148106575012, "mar_small": 0.2935294210910797, "mar_medium": 0.6768860220909119, "mar_large": 0.7292592525482178, "map_per_class": [0.2747780978679657, 0.2059405893087387, 0.6715778708457947, 0.32373571395874023], "mar_100_per_class": [0.4374999403953552, 0.20000000298023224, 0.7409090995788574, 0.4312500059604645]}}, "frozen_6": {"train": {"loss": 0.43799992501735685}, "val": {"map": 0.34099113941192627, "map_50": 0.5771235227584839, "map_75": 0.3762510418891907, "map_small": 0.2344733625650406, "map_medium": 0.4493022859096527, "map_large": 0.6704675555229187, "mar_1": 0.45790719985961914, "mar_10": 0.5404356122016907, "mar_100": 0.5404356122016907, "mar_small": 0.3896198868751526, "mar_medium": 0.7206944227218628, "mar_large": 0.7611111402511597, "map_per_class": [0.2720278799533844, 0.08110010623931885, 0.6805446147918701, 0.33029189705848694], "mar_100_per_class": [0.40833336114883423, 0.5249999761581421, 0.7409090399742126, 0.48750001192092896]}}, "frozen_7": {"train": {"loss": 0.3828460971514384}, "val": {"map": 0.3628891706466675, "map_50": 0.5909075736999512, "map_75": 0.4022647440433502, "map_small": 0.2926348149776459, "map_medium": 0.45835641026496887, "map_large": 0.5239390730857849, "mar_1": 0.4000236392021179, "mar_10": 0.5014441609382629, "mar_100": 0.5014441609382629, "mar_small": 0.3614993691444397, "mar_medium": 0.7028924226760864, "mar_large": 0.6629629731178284, "map_per_class": [0.30620571970939636, 0.11617161333560944, 0.6532546281814575, 0.3759247362613678], "mar_100_per_class": [0.46666669845581055, 0.30000001192092896, 0.7234848737716675, 0.515625]}}, "frozen_8": {"train": {"loss": 0.3961045036713282}, "val": {"map": 0.3751387894153595, "map_50": 0.601651132106781, "map_75": 0.42302680015563965, "map_small": 0.26695939898490906, "map_medium": 0.5360252261161804, "map_large": 0.6999743580818176, "mar_1": 0.3771543800830841, "mar_10": 0.4777461886405945, "mar_100": 0.4777461886405945, "mar_small": 0.34839245676994324, "mar_medium": 0.6495842337608337, "mar_large": 0.8018518686294556, "map_per_class": [0.25165751576423645, 0.18550211191177368, 0.6756154298782349, 0.387780100107193], "mar_100_per_class": [0.40416669845581055, 0.25, 0.7318181395530701, 0.5249999761581421]}}, "frozen_9": {"train": {"loss": 0.39033923496802647}, "val": {"map": 0.4055243730545044, "map_50": 0.6339552402496338, "map_75": 0.45384570956230164, "map_small": 0.28142932057380676, "map_medium": 0.5769276022911072, "map_large": 0.6095463037490845, "mar_1": 0.4007812440395355, "mar_10": 0.4952414929866791, "mar_100": 0.4952414929866791, "mar_small": 0.365601509809494, "mar_medium": 0.6748626232147217, "mar_large": 0.6916666626930237, "map_per_class": [0.299778014421463, 0.22244225442409515, 0.7312566041946411, 0.3686205744743347], "mar_100_per_class": [0.4625000059604645, 0.2750000059604645, 0.7840909361839294, 0.4593749940395355]}}, "fine_tuning_10": {"train": {"loss": 0.3523798833290736}, "val": {"map": 0.4310898780822754, "map_50": 0.6556882858276367, "map_75": 0.5006742477416992, "map_small": 0.3346913158893585, "map_medium": 0.653946042060852, "map_large": 0.6319397687911987, "mar_1": 0.4238162934780121, "mar_10": 0.5132339000701904, "mar_100": 0.5132339000701904, "mar_small": 0.3753787875175476, "mar_medium": 0.720501184463501, "mar_large": 0.7523809671401978, "map_per_class": [0.33354583382606506, 0.3059405982494354, 0.7161719799041748, 0.3687012195587158], "mar_100_per_class": [0.4208333492279053, 0.375, 0.7727272510528564, 0.484375]}}, "fine_tuning_11": {"train": {"loss": 0.39040112793445586}, "val": {"map": 0.4145507514476776, "map_50": 0.6597654223442078, "map_75": 0.47996947169303894, "map_small": 0.2723555564880371, "map_medium": 0.5048854351043701, "map_large": 0.7532123327255249, "mar_1": 0.4225378930568695, "mar_10": 0.5317944884300232, "mar_100": 0.5317944884300232, "mar_small": 0.40986841917037964, "mar_medium": 0.6050324440002441, "mar_large": 0.7722222208976746, "map_per_class": [0.3625190854072571, 0.21467676758766174, 0.7141541242599487, 0.36685314774513245], "mar_100_per_class": [0.5083333253860474, 0.3499999940395355, 0.7719696760177612, 0.49687498807907104]}}, "fine_tuning_12": {"train": {"loss": 0.3446999063094457}, "val": {"map": 0.41565459966659546, "map_50": 0.6587990522384644, "map_75": 0.46278223395347595, "map_small": 0.35526594519615173, "map_medium": 0.5148319602012634, "map_large": 0.7249906659126282, "mar_1": 0.4309895932674408,