{"frozen_0": {"train": {"loss": 1.16447012424469}, "val": {"map": 0.11447737365961075, "map_50": 0.23317348957061768, "map_75": 0.07877817004919052, "map_small": 0.07615382224321365, "map_medium": 0.13649894297122955, "map_large": 0.15985925495624542, "mar_1": 0.1304924339056015, "mar_10": 0.15776515007019043, "mar_100": 0.15776515007019043, "mar_small": 0.12634921073913574, "mar_medium": 0.1683189570903778, "mar_large": 0.23777776956558228, "map_per_class": [0.044356439262628555, 0.0, 0.41355305910110474, 0.0], "mar_100_per_class": [0.09166667610406876, 0.0, 0.5393939018249512, 0.0]}}}