{"frozen_0": {"train": {"loss": 26.9433151503404}, "val": {"map": 0.016399992629885674, "map_50": 0.06207915022969246, "map_75": 0.001085640280507505, "map_small": 0.008709344081580639, "map_medium": 0.026835255324840546, "map_large": 0.025739366188645363, "mar_1": 0.04280302673578262, "mar_10": 0.15468749403953552, "mar_100": 0.17694129049777985, "mar_small": 0.1196969747543335, "mar_medium": 0.2653047442436218, "mar_large": 0.1250000149011612, "map_per_class": [0.001637125969864428, 0.0007284011808224022, 0.04901554435491562, 0.01421890128403902], "mar_100_per_class": [0.16250000894069672, 0.125, 0.3265151381492615, 0.09375]}}, "frozen_1": {"train": {"loss": 0.6297316084305445}, "val": {"map": 0.038327883929014206, "map_50": 0.13723798096179962, "map_75": 0.0028243695851415396, "map_small": 0.020884763449430466, "map_medium": 0.06877662241458893, "map_large": 0.14143213629722595, "mar_1": 0.10433238744735718, "mar_10": 0.20698389410972595, "mar_100": 0.22431345283985138, "mar_small": 0.12777778506278992, "mar_medium": 0.3526388704776764, "mar_large": 0.4939393997192383, "map_per_class": [0.004866878502070904, 0.000999711686745286, 0.11814452707767487, 0.029300404712557793], "mar_100_per_class": [0.19166666269302368, 0.10000000149011612, 0.34621208906173706, 0.2593750059604645]}}, "frozen_2": {"train": {"loss": 0.56238198975722}, "val": {"map": 0.07437489926815033, "map_50": 0.2132302075624466, "map_75": 0.02117992378771305, "map_small": 0.036620475351810455, "map_medium": 0.09397053718566895, "map_large": 0.21257902681827545, "mar_1": 0.11472537368535995, "mar_10": 0.2080492526292801, "mar_100": 0.2551136314868927, "mar_small": 0.14511904120445251, "mar_medium": 0.3698505461215973, "mar_large": 0.5274242162704468, "map_per_class": [0.005458147265017033, 0.00024912168737500906, 0.2647312879562378, 0.02706100605428219], "mar_100_per_class": [0.26250001788139343, 0.07500000298023224, 0.42045456171035767, 0.26249998807907104]}}, "frozen_3": {"train": {"loss": 0.46726160645484927}, "val": {"map": 0.1023247018456459, "map_50": 0.2647884786128998, "map_75": 0.026774104684591293, "map_small": 0.07429134845733643, "map_medium": 0.1592560112476349, "map_large": 0.25809651613235474, "mar_1": 0.16948392987251282, "mar_10": 0.2747159004211426, "mar_100": 0.28409090638160706, "mar_small": 0.21222221851348877, "mar_medium": 0.392911434173584, "mar_large": 0.47333332896232605, "map_per_class": [0.018894020467996597, 0.0017858674982562661, 0.33662018179893494, 0.05199873447418213], "mar_100_per_class": [0.2500000298023224, 0.17499999701976776, 0.46136361360549927, 0.25]}}, "frozen_4": {"train": {"loss": 0.43397773504257203}, "val": {"map": 0.13952858746051788, "map_50": 0.31172722578048706, "map_75": 0.09077079594135284, "map_small": 0.08631758391857147, "map_medium": 0.1727559119462967, "map_large": 0.335380494594574, "mar_1": 0.16605111956596375, "mar_10": 0.30362215638160706, "mar_100": 0.3109138309955597, "mar_small": 0.16124999523162842, "mar_medium": 0.49131402373313904, "mar_large": 0.5057142972946167, "map_per_class": [0.02522280439734459, 0.008629284799098969, 0.4468214511871338, 0.07744075357913971], "mar_100_per_class": [0.23333334922790527, 0.22499999403953552, 0.5446969270706177, 0.24062499403953552]}}, "frozen_5": {"train": {"loss": 0.3910105794668198}, "val": {"map": 0.17400993406772614, "map_50": 0.3873118460178375, "map_75": 0.1277497410774231, "map_small": 0.0960535779595375, "map_medium": 0.3083353042602539, "map_large": 0.36311838030815125, "mar_1": 0.18269412219524384, "mar_10": 0.27878791093826294, "mar_100": 0.28920453786849976, "mar_small": 0.17970028519630432, "mar_medium": 0.47155824303627014, "mar_large": 0.46388891339302063, "map_per_class": [0.060610055923461914, 0.0022065064404159784, 0.48510149121284485, 0.14812174439430237], "mar_100_per_class": [0.2291666716337204, 0.07500000298023224, 0.565151572227478, 0.2874999940395355]}}, "frozen_6": {"train": {"loss": 0.397216006120046}, "val": {"map": 0.15100431442260742, "map_50": 0.3184256851673126, "map_75": 0.11858124285936356, "map_small": 0.09373809397220612, "map_medium": 0.1835220903158188, "map_large": 0.33214452862739563, "mar_1": 0.22002840042114258, "mar_10": 0.31216853857040405, "mar_100": 0.3137074112892151, "mar_small": 0.1752564162015915, "mar_medium": 0.47906121611595154, "mar_large": 0.5416666865348816, "map_per_class": [0.05738622695207596, 0.004290429409593344, 0.4956996738910675, 0.04664095491170883], "mar_100_per_class": [0.2541666626930237, 0.125, 0.5787878632545471, 0.296875]}}, "frozen_7": {"train": {"loss": 0.3466460357109706}, "val": {"map": 0.18874314427375793, "map_50": 0.3990720510482788, "map_75": 0.15325096249580383, "map_small": 0.126733660697937, "map_medium": 0.22074377536773682, "map_large": 0.4398588240146637, "mar_1": 0.22620737552642822, "mar_10": 0.32147255539894104, "mar_100": 0.3222537934780121, "mar_small": 0.203125, "mar_medium": 0.4468095898628235, "mar_large": 0.550000011920929, "map_per_class": [0.07679969072341919, 0.005149113480001688, 0.5188062787055969, 0.1542174220085144], "mar_100_per_class": [0.2124999761581421, 0.17499999701976776, 0.6015151739120483, 0.30000001192092896]}}, "frozen_8": {"train": {"loss": 0.3520319034655889}, "val": {"map": 0.18867310881614685, "map_50": 0.4225066602230072, "map_75": 0.1508304625749588, "map_small": 0.13059474527835846, "map_medium": 0.31431862711906433, "map_large": 0.3244077265262604, "mar_1": 0.2516571879386902, "mar_10": 0.33080020546913147, "mar_100": 0.3328835368156433, "mar_small": 0.23275251686573029, "mar_medium": 0.4815126061439514, "mar_large": 0.536969780921936, "map_per_class": [0.11706135421991348, 0.019306933507323265, 0.5151623487472534, 0.10316182672977448], "mar_100_per_class": [0.2541666626930237, 0.22499999403953552, 0.5992423892021179, 0.25312501192092896]}}, "frozen_9": {"train": {"loss": 0.3562485237916311}, "val": {"map": 0.21140991151332855, "map_50": 0.4991012513637543, "map_75": 0.14306321740150452, "map_small": 0.11096169799566269, "map_medium": 0.38279733061790466, "map_large": 0.3787612020969391, "mar_1": 0.28316763043403625, "mar_10": 0.36827653646469116, "mar_100": 0.36983901262283325, "mar_small": 0.2203069031238556, "mar_medium": 0.5169780850410461, "mar_large": 0.5955555438995361, "map_per_class": [0.1559968739748001, 0.04392852634191513, 0.4580707848072052, 0.18764342367649078], "mar_100_per_class": [0.3333333134651184, 0.20000000298023224, 0.5272727608680725, 0.41874998807907104]}}, "fine_tuning_10": {"train": {"loss": 0.364999333024025}, "val": {"map": 0.19799132645130157, "map_50": 0.48288199305534363, "map_75": 0.1439717710018158, "map_small": 0.14749789237976074, "map_medium": 0.21558056771755219, "map_large": 0.39746779203414917, "mar_1": 0.25480586290359497, "mar_10": 0.32833805680274963, "mar_100": 0.3314630687236786, "mar_small": 0.22681549191474915, "mar_medium": 0.4388369619846344, "mar_large": 0.5916666388511658, "map_per_class": [0.11462981253862381, 0.019183168187737465, 0.5125967860221863, 0.1455555260181427], "mar_100_per_class": [0.3083333373069763, 0.10000000149011612, 0.5893939137458801, 0.328125]}}, "fine_tuning_11": {"train": {"loss": 0.36346680323282876}, "val": {"map": 0.20568841695785522, "map_50": 0.4628963768482208, "map_75": 0.1580677181482315, "map_small": 0.13810576498508453, "map_medium": 0.3303745687007904, "map_large": 0.41149798035621643, "mar_1": 0.25123104453086853, "mar_10": 0.3392755389213562, "mar_100": 0.3403172194957733, "mar_small": 0.22225609421730042, "mar_medium": 0.47328704595565796, "mar_large": 0.5933333039283752, "map_per_class": [0.10775703936815262, 0.019306929782032967, 0.5310985445976257, 0.16459117829799652], "mar_100_per_class": [0.2708333134651184, 0.07500000298023224, 0.6060606241226196, 0.40937501192092896]}}, "fine_tuning_12": {"train": {"loss": 0.3972097853819529}, "val": {"map": 0.2403583526611328, "map_50": 0.5390027165412903, "map_75": 0.18992388248443604, "map_small": 0.17020796239376068,