{
    "frozen_0": {
        "train": {
            "loss": 8.935640474160513
        },
        "val": {
            "map": 0.09403152018785477,
            "map_50": 0.21050021052360535,
            "map_75": 0.061893053352832794,
            "map_small": 0.030658861622214317,
            "map_medium": 0.12333134561777115,
            "map_large": 0.28082844614982605,
            "mar_1": 0.1318891942501068,
            "mar_10": 0.21974429488182068,
            "mar_100": 0.23776039481163025,
            "mar_small": 0.08698032051324844,
            "mar_medium": 0.33773258328437805,
            "mar_large": 0.43472224473953247,
            "map_per_class": [
                0.022920051589608192,
                0.0,
                0.303947389125824,
                0.04925857484340668
            ],
            "mar_100_per_class": [
                0.2541666626930237,
                0.0,
                0.44999998807907104,
                0.24687500298023224
            ]
        }
    },
    "frozen_1": {
        "train": {
            "loss": 0.470551523566246
        },
        "val": {
            "map": 0.1571292281150818,
            "map_50": 0.343935489654541,
            "map_75": 0.1264646202325821,
            "map_small": 0.08809975534677505,
            "map_medium": 0.25719133019447327,
            "map_large": 0.2939980924129486,
            "mar_1": 0.20059184730052948,
            "mar_10": 0.2584753632545471,
            "mar_100": 0.2741003632545471,
            "mar_small": 0.15937499701976776,
            "mar_medium": 0.4457271993160248,
            "mar_large": 0.4555555582046509,
            "map_per_class": [
                0.013822469860315323,
                0.07722771912813187,
                0.4151848256587982,
                0.12228181213140488
            ],
            "mar_100_per_class": [
                0.2291666716337204,
                0.15000000596046448,
                0.49848484992980957,
                0.21875
            ]
        }
    },
    "frozen_2": {
        "train": {
            "loss": 0.4467523694038391
        },
        "val": {
            "map": 0.24624213576316833,
            "map_50": 0.47138938307762146,
            "map_75": 0.22661590576171875,
            "map_small": 0.11585051566362381,
            "map_medium": 0.3836115896701813,
            "map_large": 0.34651264548301697,
            "mar_1": 0.2659800946712494,
            "mar_10": 0.361221581697464,
            "mar_100": 0.3685132563114166,
            "mar_small": 0.2201797515153885,
            "mar_medium": 0.5447799563407898,
            "mar_large": 0.5600000619888306,
            "map_per_class": [
                0.06685972213745117,
                0.15445543825626373,
                0.5141028165817261,
                0.24955061078071594
            ],
            "mar_100_per_class": [
                0.34583336114883423,
                0.15000000596046448,
                0.596969723701477,
                0.3812499940395355
            ]
        }
    },
    "frozen_3": {
        "train": {
            "loss": 0.4157816876967748
        },
        "val": {
            "map": 0.2517668604850769,
            "map_50": 0.5454374551773071,
            "map_75": 0.1857091337442398,
            "map_small": 0.1309840828180313,
            "map_medium": 0.4013814330101013,
            "map_large": 0.4863668382167816,
            "mar_1": 0.318087100982666,
            "mar_10": 0.3901515007019043,
            "mar_100": 0.3964014947414398,
            "mar_small": 0.25955283641815186,
            "mar_medium": 0.5310251116752625,
            "mar_large": 0.6288889050483704,
            "map_per_class": [
                0.13203467428684235,
                0.12548254430294037,
                0.5062410235404968,
                0.2433091551065445
            ],
            "mar_100_per_class": [
                0.3125,
                0.3499999940395355,
                0.585606038570404,
                0.3375000059604645
            ]
        }
    },
    "frozen_4": {
        "train": {
            "loss": 0.4278696060180664
        },
        "val": {
            "map": 0.25405004620552063,
            "map_50": 0.4899163842201233,
            "map_75": 0.2133951485157013,
            "map_small": 0.16232137382030487,
            "map_medium": 0.35832715034484863,
            "map_large": 0.46151816844940186,
            "mar_1": 0.31785041093826294,
            "mar_10": 0.4035511016845703,
            "mar_100": 0.4191761016845703,
            "mar_small": 0.2510371804237366,
            "mar_medium": 0.5803160667419434,
            "mar_large": 0.6666667461395264,
            "map_per_class": [
                0.08737828582525253,
                0.12369087338447571,
                0.5057385563850403,
                0.2993924915790558
            ],
            "mar_100_per_class": [
                0.3499999940395355,
                0.3499999940395355,
                0.5704545974731445,
                0.40625
            ]
        }
    },
    "frozen_5": {
        "train": {
            "loss": 0.36326671242713926
        },
        "val": {
            "map": 0.3626123070716858,
            "map_50": 0.6300713419914246,
            "map_75": 0.37979164719581604,
            "map_small": 0.22669589519500732,
            "map_medium": 0.5419496297836304,
            "map_large": 0.5444209575653076,
            "mar_1": 0.38752371072769165,
            "mar_10": 0.44881629943847656,
            "mar_100": 0.450899600982666,
            "mar_small": 0.282435804605484,
            "mar_medium": 0.6442344188690186,
            "mar_large": 0.7122222185134888,
            "map_per_class": [
                0.1886560320854187,
                0.20848657190799713,
                0.6798036694526672,
                0.37350308895111084
            ],
            "mar_100_per_class": [
                0.34583333134651184,
                0.2750000059604645,
                0.7265151143074036,
                0.45625001192092896
            ]
        }
    },
    "frozen_6": {
        "train": {
            "loss": 0.38895763208468753
        },
        "val": {
            "map": 0.3343949019908905,
            "map_50": 0.6249065399169922,
            "map_75": 0.3552621006965637,
            "map_small": 0.2201356589794159,
            "map_medium": 0.49216264486312866,
            "map_large": 0.6645454168319702,
            "mar_1": 0.34249526262283325,
            "mar_10": 0.39562028646469116,
            "mar_100": 0.39562028646469116,
            "mar_small": 0.26756107807159424,
            "mar_medium": 0.5655514001846313,
            "mar_large": 0.7424242496490479,
            "map_per_class": [
                0.16289445757865906,
                0.21320132911205292,
                0.6248810887336731,
                0.33660265803337097
            ],
            "mar_100_per_class": [
                0.28333333134651184,
                0.22499999403953552,
                0.6772727370262146,
                0.3968749940395355
            ]
        }
    },
    "frozen_7": {
        "train": {
            "loss": 0.37904755771160126
        },
        "val": {
            "map": 0.326158732175827,
            "map_50": 0.5912693738937378,
            "map_75": 0.2929926812648773,
            "map_small": 0.22023862600326538,
            "map_medium": 0.45135724544525146,
            "map_large": 0.5670226216316223,
            "mar_1": 0.34706437587738037,
            "mar_10": 0.44071969389915466,
            "mar_100": 0.44176140427589417,
            "mar_small": 0.298871248960495,
            "mar_medium": 0.5688998103141785,
            "mar_large": 0.6994949579238892,
            "map_per_class": [
                0.17500735819339752,
                0.13632901012897491,
                0.6055218577384949,
                0.38777685165405273
            ],