{"frozen_0": {"train": {"loss": 0.9903566757837932}, "val": {"map": 0.2043316662311554, "map_50": 0.4183652997016907, "map_75": 0.1590598225593567, "map_small": 0.2099485695362091, "map_medium": 0.24926933646202087, "map_large": 0.4236361086368561, "mar_1": 0.35608428716659546, "mar_10": 0.4696022570133209, "mar_100": 0.46998104453086853, "mar_small": 0.36629897356033325, "mar_medium": 0.6281608939170837, "mar_large": 0.5979797840118408, "map_per_class": [0.24641601741313934, 0.0982607752084732, 0.3651663661003113, 0.10748351365327835], "mar_100_per_class": [0.47083336114883423, 0.574999988079071, 0.5340909361839294, 0.30000001192092896]}}, "frozen_1": {"train": {"loss": 0.6521775166193644}, "val": {"map": 0.21006661653518677, "map_50": 0.40840449929237366, "map_75": 0.18820251524448395, "map_small": 0.1759522706270218, "map_medium": 0.31339654326438904, "map_large": 0.351887047290802, "mar_1": 0.35355114936828613, "mar_10": 0.4738636612892151, "mar_100": 0.4740530550479889, "mar_small": 0.35884931683540344, "mar_medium": 0.6444240808486938, "mar_large": 0.5849999785423279, "map_per_class": [0.22724124789237976, 0.07534399628639221, 0.3699984848499298, 0.16768279671669006], "mar_100_per_class": [0.4541666507720947, 0.512499988079071, 0.617045521736145, 0.3125]}}}