{"frozen_0": {"train": {"loss": 0.8906552463769912}, "val": {"map": 0.18946614861488342, "map_50": 0.3376111388206482, "map_75": 0.19468814134597778, "map_small": 0.15401901304721832, "map_medium": 0.2017195075750351, "map_large": 0.39816826581954956, "mar_1": 0.23648199439048767, "mar_10": 0.3226325809955597, "mar_100": 0.3269886374473572, "mar_small": 0.24333330988883972, "mar_medium": 0.37929874658584595, "mar_large": 0.6178570985794067, "map_per_class": [0.15576361119747162, 0.0, 0.5472389459609985, 0.05486197769641876], "mar_100_per_class": [0.3583332896232605, 0.0, 0.6871212124824524, 0.26249998807907104]}}, "frozen_1": {"train": {"loss": 0.647681251168251}, "val": {"map": 0.24392420053482056, "map_50": 0.4267476797103882, "map_75": 0.2889421582221985, "map_small": 0.21602505445480347, "map_medium": 0.2503806948661804, "map_large": 0.4021216332912445, "mar_1": 0.2928503751754761, "mar_10": 0.4200994372367859, "mar_100": 0.4200994372367859, "mar_small": 0.2759091258049011, "mar_medium": 0.5431777238845825, "mar_large": 0.6222222447395325, "map_per_class": [0.1720048487186432, 0.007888328284025192, 0.6205357313156128, 0.1752680242061615], "mar_100_per_class": [0.36666667461395264, 0.2750000059604645, 0.710606038570404, 0.328125]}}, "frozen_2": {"train": {"loss": 0.5808861335118611}, "val": {"map": 0.3669441342353821, "map_50": 0.6172534227371216, "map_75": 0.3470418155193329, "map_small": 0.33575135469436646, "map_medium": 0.40194594860076904, "map_large": 0.5097213387489319, "mar_1": 0.3845643997192383, "mar_10": 0.514086127281189, "mar_100": 0.514086127281189, "mar_small": 0.4193563461303711, "mar_medium": 0.6088904142379761, "mar_large": 0.6559523940086365, "map_per_class": [0.2931887209415436, 0.33924567699432373, 0.528773307800293, 0.3065689504146576], "mar_100_per_class": [0.44583335518836975, 0.574999988079071, 0.6386364102363586, 0.3968749940395355]}}, "frozen_3": {"train": {"loss": 0.49099648793538414}, "val": {"map": 0.2830224335193634, "map_50": 0.5061385631561279, "map_75": 0.3116011917591095, "map_small": 0.25180181860923767, "map_medium": 0.3136841356754303, "map_large": 0.40153494477272034, "mar_1": 0.37514203786849976, "mar_10": 0.4603930115699768, "mar_100": 0.4603930115699768, "mar_small": 0.2944871187210083, "mar_medium": 0.6254861354827881, "mar_large": 0.7044444680213928, "map_per_class": [0.2609071433544159, 0.013497678562998772, 0.5885878801345825, 0.26909705996513367], "mar_100_per_class": [0.44583335518836975, 0.30000001192092896, 0.6863636374473572, 0.40937501192092896]}}, "frozen_4": {"train": {"loss": 0.4646845102310181}, "val": {"map": 0.38442590832710266, "map_50": 0.617733895778656, "map_75": 0.3911285102367401, "map_small": 0.28656312823295593, "map_medium": 0.48982247710227966, "map_large": 0.7418125867843628, "mar_1": 0.3711884617805481, "mar_10": 0.4800189435482025, "mar_100": 0.4800189435482025, "mar_small": 0.35164278745651245, "mar_medium": 0.6208173632621765, "mar_large": 0.786111056804657, "map_per_class": [0.3321951925754547, 0.13086524605751038, 0.6640216112136841, 0.410621702671051], "mar_100_per_class": [0.48750001192092896, 0.17499999701976776, 0.7325757741928101, 0.5249999761581421]}}, "frozen_5": {"train": {"loss": 0.44122420946756996}, "val": {"map": 0.38665705919265747, "map_50": 0.6266617178916931, "map_75": 0.43968188762664795, "map_small": 0.2975943386554718, "map_medium": 0.5591154098510742, "map_large": 0.6316611766815186, "mar_1": 0.3929213881492615, "mar_10": 0.5292850732803345, "mar_100": 0.5292850732803345, "mar_small": 0.4159437119960785, "mar_medium": 0.6484346985816956, "mar_large": 0.7444444894790649, "map_per_class": [0.31858813762664795, 0.1974736750125885, 0.671242356300354, 0.3593239188194275], "mar_100_per_class": [0.44583338499069214, 0.42500001192092896, 0.7431818246841431, 0.503125011920929]}}, "frozen_6": {"train": {"loss": 0.42524899542331696}, "val": {"map": 0.3915197551250458, "map_50": 0.6005381345748901, "map_75": 0.43886011838912964, "map_small": 0.3220827281475067, "map_medium": 0.5168441534042358, "map_large": 0.7266215682029724, "mar_1": 0.3709280490875244, "mar_10": 0.4732244610786438, "mar_100": 0.4732244610786438, "mar_small": 0.3747607469558716, "mar_medium": 0.6726407408714294, "mar_large": 0.7444444298744202, "map_per_class": [0.317702978849411, 0.2059405893087387, 0.6964423060417175, 0.3459930419921875], "mar_100_per_class": [0.4791666567325592, 0.20000000298023224, 0.760606050491333, 0.453125]}}, "frozen_7": {"train": {"loss": 0.40956444640954337}, "val": {"map": 0.4058806598186493, "map_50": 0.6245474815368652, "map_75": 0.4520891010761261, "map_small": 0.3386615216732025, "map_medium": 0.5026597380638123, "map_large": 0.6282787919044495, "mar_1": 0.3830966055393219, "mar_10": 0.4741477072238922, "mar_100": 0.4741477072238922, "mar_small": 0.37312498688697815, "mar_medium": 0.6567968130111694, "mar_large": 0.7703704237937927, "map_per_class": [0.3194424510002136, 0.2316831648349762, 0.6693657040596008, 0.40303120017051697], "mar_100_per_class": [0.4583333432674408, 0.22499999403953552, 0.7257575988769531, 0.48750001192092896]}}, "frozen_8": {"train": {"loss": 0.398055033882459}, "val": {"map": 0.4092039167881012, "map_50": 0.6439157724380493, "map_75": 0.46790987253189087, "map_small": 0.2906525731086731, "map_medium": 0.570137083530426, "map_large": 0.6339824199676514, "mar_1": 0.42694130539894104, "mar_10": 0.5176609754562378, "mar_100": 0.5176609754562378, "mar_small": 0.388738751411438, "mar_medium": 0.6861459016799927, "mar_large": 0.7291666865348816, "map_per_class": [0.3175424039363861, 0.22244223952293396, 0.6868151426315308, 0.4100160300731659], "mar_100_per_class": [0.3958333432674408, 0.375, 0.7560606598854065, 0.543749988079071]}}, "frozen_9": {"train": {"loss": 0.4036959305405617}, "val": {"map": 0.41225671768188477, "map_50": 0.6580387353897095, "map_75": 0.4211820363998413, "map_small": 0.3436286151409149, "map_medium": 0.5310785174369812, "map_large": 0.6363375782966614, "mar_1": 0.45040249824523926, "mar_10": 0.5415009260177612, "mar_100": 0.5415009260177612, "mar_small": 0.4483838677406311, "mar_medium": 0.6610502004623413, "mar_large": 0.7962962985038757, "map_per_class": [0.3509714901447296, 0.22817200422286987, 0.6886458992958069, 0.3812373876571655], "mar_100_per_class": [0.4583333432674408, 0.44999998807907104, 0.7545454502105713, 0.503125011920929]}}}