{"scratch_0": {"train": {"loss": 1.0141355395317078, "acc": 0.71484375}, "val": {"loss": 1.2379580736160278, "acc": 0.7272727272727273}}, "scratch_1": {"train": {"loss": 0.9997934550046921, "acc": 0.7265625}, "val": {"loss": 1.1258099873860676, "acc": 0.7272727272727273}}, "scratch_2": {"train": {"loss": 0.9945884346961975, "acc": 0.73046875}, "val": {"loss": 1.0851771434148152, "acc": 0.7272727272727273}}, "scratch_3": {"train": {"loss": 1.0002673268318176, "acc": 0.728515625}, "val": {"loss": 1.0647994081179302, "acc": 0.7272727272727273}}, "scratch_4": {"train": {"loss": 0.9647741317749023, "acc": 0.751953125}, "val": {"loss": 1.100705325603485, "acc": 0.7272727272727273}}, "scratch_5": {"train": {"loss": 0.9904185086488724, "acc": 0.73046875}, "val": {"loss": 1.0938267906506856, "acc": 0.7272727272727273}}, "scratch_6": {"train": {"loss": 0.9628764092922211, "acc": 0.755859375}, "val": {"loss": 1.0707544088363647, "acc": 0.7272727272727273}}, "scratch_7": {"train": {"loss": 0.9974450021982193, "acc": 0.732421875}, "val": {"loss": 1.0743878483772278, "acc": 0.7272727272727273}}, "scratch_8": {"train": {"loss": 1.0072200000286102, "acc": 0.724609375}, "val": {"loss": 1.0533405542373657, "acc": 0.7272727272727273}}, "scratch_9": {"train": {"loss": 0.9806925803422928, "acc": 0.7421875}, "val": {"loss": 1.0793039798736572, "acc": 0.7272727272727273}}}