{"frozen_0": {"train": {"loss": 0.8509292602539062, "acc": 0.734375}, "val": {"loss": 0.9675687154134115, "acc": 0.7272727272727273}}, "frozen_1": {"train": {"loss": 0.8682247400283813, "acc": 0.72265625}, "val": {"loss": 0.9475985964139303, "acc": 0.7272727272727273}}, "frozen_2": {"train": {"loss": 0.827103316783905, "acc": 0.728515625}, "val": {"loss": 0.9209897915522257, "acc": 0.7272727272727273}}, "frozen_3": {"train": {"loss": 0.8394149094820023, "acc": 0.71875}, "val": {"loss": 0.9386934638023376, "acc": 0.7272727272727273}}, "frozen_4": {"train": {"loss": 0.8299865275621414, "acc": 0.72265625}, "val": {"loss": 0.9360429445902506, "acc": 0.7272727272727273}}, "frozen_5": {"train": {"loss": 0.7733848094940186, "acc": 0.73828125}, "val": {"loss": 0.9478198885917664, "acc": 0.7272727272727273}}, "frozen_6": {"train": {"loss": 0.7734753042459488, "acc": 0.73046875}, "val": {"loss": 0.9660508433977762, "acc": 0.7272727272727273}}, "frozen_7": {"train": {"loss": 0.7517666220664978, "acc": 0.744140625}, "val": {"loss": 0.9112378160158793, "acc": 0.7272727272727273}}, "frozen_8": {"train": {"loss": 0.7677313685417175, "acc": 0.724609375}, "val": {"loss": 0.8591188987096151, "acc": 0.7272727272727273}}, "frozen_9": {"train": {"loss": 0.7613756060600281, "acc": 0.728515625}, "val": {"loss": 0.8358007669448853, "acc": 0.7310606060606061}}, "fine_tuning_10": {"train": {"loss": 0.7615961283445358, "acc": 0.73046875}, "val": {"loss": 0.8141989906628927, "acc": 0.7310606060606061}}, "fine_tuning_11": {"train": {"loss": 0.7416177690029144, "acc": 0.7421875}, "val": {"loss": 0.7886817256609598, "acc": 0.7348484848484849}}, "fine_tuning_12": {"train": {"loss": 0.7623530030250549, "acc": 0.7265625}, "val": {"loss": 0.7750501235326132, "acc": 0.7272727272727273}}}