{"loss": [1.3180987536907196], "accuracy": [0.4126984126984127]}