{"loss": [1.1607963641484578], "accuracy": [0.696969696969697]}